Symbol,Type,TPM(Control),Filt
Abca1,Long_Genes_without_Long_Intron,2.9465,n
Abcc1,Long_Genes_without_Long_Intron,2.1758,n
Abcc9,Long_Genes_without_Long_Intron,2.3086,n
Adam10,Long_Genes_without_Long_Intron,6.2719,n
Agtpbp1,Long_Genes_without_Long_Intron,4.506,n
Ahi1,Long_Genes_without_Long_Intron,5.1184,n
AI314180,Long_Genes_without_Long_Intron,4.8601,n
Akap9,Long_Genes_without_Long_Intron,3.2265,n
Alms1,Long_Genes_without_Long_Intron,2.2437,n
Ankib1,Long_Genes_without_Long_Intron,4.2694,n
Ap2b1,Long_Genes_without_Long_Intron,7.1783,n
Ash1l,Long_Genes_without_Long_Intron,3.4874,n
Atad2b,Long_Genes_without_Long_Intron,3.6593,n
Atp11b,Long_Genes_without_Long_Intron,3.8964,n
Atp9b,Long_Genes_without_Long_Intron,4.2238,n
Atrn,Long_Genes_without_Long_Intron,3.3416,n
Baz1a,Long_Genes_without_Long_Intron,4.7308,n
Birc6,Long_Genes_without_Long_Intron,3.5888,n
Bltp1,Long_Genes_without_Long_Intron,2.243,n
Cabin1,Long_Genes_without_Long_Intron,3.777,n
Cast,Long_Genes_without_Long_Intron,2.0553,n
Ccdc18,Long_Genes_without_Long_Intron,2.2896,n
Ccdc88a,Long_Genes_without_Long_Intron,4.7907,n
Cd109,Long_Genes_without_Long_Intron,2.7737,n
Cep350,Long_Genes_without_Long_Intron,2.2228,n
Cep83,Long_Genes_without_Long_Intron,5.1059,n
Cep85l,Long_Genes_without_Long_Intron,3.2677,n
Chd2,Long_Genes_without_Long_Intron,3.7317,n
Cit,Long_Genes_without_Long_Intron,2.303,n
Clasp2,Long_Genes_without_Long_Intron,5.1564,n
Clip1,Long_Genes_without_Long_Intron,4.0539,n
Clpb,Long_Genes_without_Long_Intron,4.0964,n
Col11a1,Long_Genes_without_Long_Intron,3.3238,n
Cop1,Long_Genes_without_Long_Intron,4.4303,n
Cplane1,Long_Genes_without_Long_Intron,2.9711,n
Csnk1g1,Long_Genes_without_Long_Intron,3.3904,n
Cyfip2,Long_Genes_without_Long_Intron,5.2483,n
Dennd4a,Long_Genes_without_Long_Intron,2.4126,n
Dennd4c,Long_Genes_without_Long_Intron,2.872,n
Dennd5b,Long_Genes_without_Long_Intron,3.4456,n
Depdc5,Long_Genes_without_Long_Intron,3.4806,n
Dmxl1,Long_Genes_without_Long_Intron,2.9284,n
Dmxl2,Long_Genes_without_Long_Intron,3.4501,n
Dnaaf9,Long_Genes_without_Long_Intron,4.2467,n
Dnajc13,Long_Genes_without_Long_Intron,3.7281,n
Dnmt3a,Long_Genes_without_Long_Intron,4.9299,n
Drosha,Long_Genes_without_Long_Intron,6.5158,n
Dync2h1,Long_Genes_without_Long_Intron,3.059,n
Eml5,Long_Genes_without_Long_Intron,2.0946,n
Ep400,Long_Genes_without_Long_Intron,3.6812,n
Epb41l5,Long_Genes_without_Long_Intron,3.8867,n
Eps15,Long_Genes_without_Long_Intron,4.384,n
Ext2,Long_Genes_without_Long_Intron,5.4647,n
Eya1,Long_Genes_without_Long_Intron,2.8871,n
Fam13c,Long_Genes_without_Long_Intron,3.1645,n
Fbxw11,Long_Genes_without_Long_Intron,6.0557,n
Fgfr2,Long_Genes_without_Long_Intron,4.2214,n
Flt1,Long_Genes_without_Long_Intron,2.4083,n
Garnl3,Long_Genes_without_Long_Intron,2.3643,n
Gigyf2,Long_Genes_without_Long_Intron,3.918,n
Hace1,Long_Genes_without_Long_Intron,2.9595,n
Helz,Long_Genes_without_Long_Intron,2.4536,n
Heph,Long_Genes_without_Long_Intron,3.2921,n
Herc1,Long_Genes_without_Long_Intron,3.8162,n
Herc2,Long_Genes_without_Long_Intron,3.6778,n
Htt,Long_Genes_without_Long_Intron,2.2428,n
Huwe1,Long_Genes_without_Long_Intron,5.0968,n
Ift80,Long_Genes_without_Long_Intron,4.5178,n
Ino80,Long_Genes_without_Long_Intron,2.6459,n
Ipo11,Long_Genes_without_Long_Intron,6.1793,n
Itfg1,Long_Genes_without_Long_Intron,6.1124,n
Itgb5,Long_Genes_without_Long_Intron,3.0345,n
Itih5,Long_Genes_without_Long_Intron,2.1088,n
Itsn2,Long_Genes_without_Long_Intron,2.1593,n
Kdm4c,Long_Genes_without_Long_Intron,3.6916,n
Kif1b,Long_Genes_without_Long_Intron,5.9259,n
Kif4,Long_Genes_without_Long_Intron,5.0719,n
Kifap3,Long_Genes_without_Long_Intron,6.5012,n
Klhl2,Long_Genes_without_Long_Intron,4.9324,n
L3mbtl3,Long_Genes_without_Long_Intron,4.0325,n
Lama1,Long_Genes_without_Long_Intron,3.2551,n
Lrp5,Long_Genes_without_Long_Intron,4.1471,n
Lrp6,Long_Genes_without_Long_Intron,4.4638,n
Lrrc49,Long_Genes_without_Long_Intron,5.0591,n
Lrrfip2,Long_Genes_without_Long_Intron,4.4362,n
Man1a2,Long_Genes_without_Long_Intron,4.3831,n
Man2a1,Long_Genes_without_Long_Intron,2.8536,n
Matn2,Long_Genes_without_Long_Intron,2.2823,n
Mdn1,Long_Genes_without_Long_Intron,2.3368,n
Me1,Long_Genes_without_Long_Intron,3.7621,n
Mipep,Long_Genes_without_Long_Intron,4.33,n
Mkln1,Long_Genes_without_Long_Intron,5.5845,n
Mrc1,Long_Genes_without_Long_Intron,3.4391,n
Msh3,Long_Genes_without_Long_Intron,4.6882,n
Mta3,Long_Genes_without_Long_Intron,4.0996,n
Mtor,Long_Genes_without_Long_Intron,3.558,n
Mycbp2,Long_Genes_without_Long_Intron,2.9331,n
Myh10,Long_Genes_without_Long_Intron,6.3452,n
Myo9a,Long_Genes_without_Long_Intron,3.1393,n
Nars2,Long_Genes_without_Long_Intron,3.8056,n
Ncor1,Long_Genes_without_Long_Intron,4.6746,n
Ncor2,Long_Genes_without_Long_Intron,3.9637,n
Nek1,Long_Genes_without_Long_Intron,3.7703,n
Nfkb1,Long_Genes_without_Long_Intron,3.4092,n
Nin,Long_Genes_without_Long_Intron,2.0954,n
Nrp2,Long_Genes_without_Long_Intron,4.6189,n
Nrxn2,Long_Genes_without_Long_Intron,3.5601,n
Nsd1,Long_Genes_without_Long_Intron,4.5907,n
Nsf,Long_Genes_without_Long_Intron,4.9112,n
Nup210,Long_Genes_without_Long_Intron,4.2907,n
Patj,Long_Genes_without_Long_Intron,3.1343,n
Pbrm1,Long_Genes_without_Long_Intron,5.168,n
Pde5a,Long_Genes_without_Long_Intron,3.204,n
Phf20,Long_Genes_without_Long_Intron,4.5626,n
Phf8,Long_Genes_without_Long_Intron,4.2929,n
Phip,Long_Genes_without_Long_Intron,4.8375,n
Phka1,Long_Genes_without_Long_Intron,2.2691,n
Pi4ka,Long_Genes_without_Long_Intron,4.6656,n
Pias1,Long_Genes_without_Long_Intron,4.1666,n
Pibf1,Long_Genes_without_Long_Intron,4.5159,n
Pik3c2a,Long_Genes_without_Long_Intron,3.7353,n
Pik3cb,Long_Genes_without_Long_Intron,3.5144,n
Pir,Long_Genes_without_Long_Intron,2.3205,n
Plxnc1,Long_Genes_without_Long_Intron,3.5677,n
Polr3b,Long_Genes_without_Long_Intron,3.9269,n
Prkdc,Long_Genes_without_Long_Intron,2.3904,n
Psme4,Long_Genes_without_Long_Intron,6.005,n
Rabgap1,Long_Genes_without_Long_Intron,5.1053,n
Ralgapa1,Long_Genes_without_Long_Intron,3.398,n
Rbbp8,Long_Genes_without_Long_Intron,5.2979,n
Rbm33,Long_Genes_without_Long_Intron,3.5851,n
Rfx4,Long_Genes_without_Long_Intron,3.4326,n
Ric8b,Long_Genes_without_Long_Intron,3.8955,n
Rnf130,Long_Genes_without_Long_Intron,4.6415,n
Rps6ka3,Long_Genes_without_Long_Intron,4.6905,n
Rps6kc1,Long_Genes_without_Long_Intron,4.008,n
Rttn,Long_Genes_without_Long_Intron,2.3057,n
Rundc3b,Long_Genes_without_Long_Intron,3.6615,n
Sclt1,Long_Genes_without_Long_Intron,4.3905,n
Sel1l3,Long_Genes_without_Long_Intron,4.1099,n
Senp7,Long_Genes_without_Long_Intron,3.8802,n
Sfxn5,Long_Genes_without_Long_Intron,3.056,n
Shtn1,Long_Genes_without_Long_Intron,3.9214,n
Slc25a13,Long_Genes_without_Long_Intron,3.9225,n
Smarcc1,Long_Genes_without_Long_Intron,7.0774,n
Smchd1,Long_Genes_without_Long_Intron,5.4622,n
Snx25,Long_Genes_without_Long_Intron,3.4358,n
Sorl1,Long_Genes_without_Long_Intron,3.4992,n
Spag9,Long_Genes_without_Long_Intron,6.066,n
Spata6,Long_Genes_without_Long_Intron,3.7444,n
Specc1l,Long_Genes_without_Long_Intron,5.1901,n
Tbck,Long_Genes_without_Long_Intron,3.1985,n
Tfdp2,Long_Genes_without_Long_Intron,4.3532,n
Thoc2,Long_Genes_without_Long_Intron,4.5514,n
Tlk2,Long_Genes_without_Long_Intron,4.641,n
Tnks,Long_Genes_without_Long_Intron,4.4977,n
Trip12,Long_Genes_without_Long_Intron,6.1244,n
Tsga10,Long_Genes_without_Long_Intron,3.1277,n
Tspan12,Long_Genes_without_Long_Intron,4.8985,n
Ttbk2,Long_Genes_without_Long_Intron,3.5378,n
Ttc17,Long_Genes_without_Long_Intron,3.1385,n
Ttc39b,Long_Genes_without_Long_Intron,2.6719,n
Ttc7b,Long_Genes_without_Long_Intron,3.9401,n
Tut4,Long_Genes_without_Long_Intron,4.4963,n
Ube3c,Long_Genes_without_Long_Intron,5.0774,n
Ubr1,Long_Genes_without_Long_Intron,3.6292,n
Ubr3,Long_Genes_without_Long_Intron,4.3164,n
Ubr4,Long_Genes_without_Long_Intron,3.4713,n
Uggt1,Long_Genes_without_Long_Intron,5.204,n
Upf2,Long_Genes_without_Long_Intron,4.5562,n
Usp24,Long_Genes_without_Long_Intron,4.1052,n
Usp25,Long_Genes_without_Long_Intron,4.3408,n
Usp34,Long_Genes_without_Long_Intron,4.9244,n
Usp9x,Long_Genes_without_Long_Intron,5.808,n
Vac14,Long_Genes_without_Long_Intron,4.5505,n
Vit,Long_Genes_without_Long_Intron,3.4298,n
Vps13a,Long_Genes_without_Long_Intron,2.6429,n
Vps35l,Long_Genes_without_Long_Intron,5.7397,n
Vps50,Long_Genes_without_Long_Intron,4.3574,n
Vps53,Long_Genes_without_Long_Intron,5.8015,n
Vwf,Long_Genes_without_Long_Intron,2.0158,n
Wnk3,Long_Genes_without_Long_Intron,2.7556,n
Wwp1,Long_Genes_without_Long_Intron,3.8942,n
Wwp2,Long_Genes_without_Long_Intron,5.0103,n
Xrn1,Long_Genes_without_Long_Intron,3.2984,n
Zmym4,Long_Genes_without_Long_Intron,5.056,n
Zmynd8,Long_Genes_without_Long_Intron,4.264,n
Zzef1,Long_Genes_without_Long_Intron,2.2297,n
2700049A03Rik,Non_Target_Long_Genes,3.376,n
2900026A02Rik,Non_Target_Long_Genes,2.6396,n
3110082I17Rik,Non_Target_Long_Genes,4.9212,n
Abat,Non_Target_Long_Genes,4.3575,n
Abcb7,Non_Target_Long_Genes,4.9039,n
Abcg2,Non_Target_Long_Genes,5.5153,n
Ablim3,Non_Target_Long_Genes,2.1073,n
Abr,Non_Target_Long_Genes,5.7782,n
Acbd6,Non_Target_Long_Genes,5.3221,n
Acvr1,Non_Target_Long_Genes,4.627,n
Adam22,Non_Target_Long_Genes,2.2687,n
Adck1,Non_Target_Long_Genes,4.1266,n
Add3,Non_Target_Long_Genes,5.288,n
Adgre1,Non_Target_Long_Genes,2.1058,n
Adgrl4,Non_Target_Long_Genes,2.4862,n
Adk,Non_Target_Long_Genes,6.8978,n
Aff2,Non_Target_Long_Genes,3.4155,n
Afg1l,Non_Target_Long_Genes,2.083,n
Afg2a,Non_Target_Long_Genes,4.657,n
Akap7,Non_Target_Long_Genes,2.8439,n
Ammecr1,Non_Target_Long_Genes,3.2711,n
Amotl1,Non_Target_Long_Genes,3.2609,n
Angpt1,Non_Target_Long_Genes,2.5606,n
Ankrd12,Non_Target_Long_Genes,2.9018,n
Ano10,Non_Target_Long_Genes,4.3996,n
Antxr1,Non_Target_Long_Genes,3.5192,n
Antxr2,Non_Target_Long_Genes,3.114,n
Arhgap10,Non_Target_Long_Genes,3.6827,n
Arhgap12,Non_Target_Long_Genes,5.4459,n
Arhgap28,Non_Target_Long_Genes,2.7819,n
Arhgap35,Non_Target_Long_Genes,5.9486,n
Arhgap42,Non_Target_Long_Genes,3.6024,n
Arhgef26,Non_Target_Long_Genes,3.2606,n
Armc9,Non_Target_Long_Genes,3.1429,n
Armh3,Non_Target_Long_Genes,3.8335,n
Armh4,Non_Target_Long_Genes,3.8259,n
Arsb,Non_Target_Long_Genes,3.2813,n
Asb3,Non_Target_Long_Genes,4.737,n
Ascc3,Non_Target_Long_Genes,3.58,n
Asph,Non_Target_Long_Genes,3.4599,n
Ate1,Non_Target_Long_Genes,3.9173,n
Atf6,Non_Target_Long_Genes,2.7686,n
Atg10,Non_Target_Long_Genes,2.8754,n
Atg4a,Non_Target_Long_Genes,3.2403,n
Atg7,Non_Target_Long_Genes,3.3978,n
Atp2c1,Non_Target_Long_Genes,5.3976,n
Atp7a,Non_Target_Long_Genes,3.4892,n
Atp8a1,Non_Target_Long_Genes,2.973,n
Atxn7,Non_Target_Long_Genes,3.0995,n
AU040320,Non_Target_Long_Genes,3.6354,n
Aven,Non_Target_Long_Genes,4.9881,n
AW554918,Non_Target_Long_Genes,2.8991,n
Bcar3,Non_Target_Long_Genes,2.4042,n
Bckdhb,Non_Target_Long_Genes,5.1237,n
Bcl2,Non_Target_Long_Genes,3.3269,n
Bicc1,Non_Target_Long_Genes,2.4655,n
Bmal1,Non_Target_Long_Genes,3.0549,n
Bmp5,Non_Target_Long_Genes,2.9389,n
Bmp6,Non_Target_Long_Genes,2.5065,n
Bmper,Non_Target_Long_Genes,3.3072,n
Bmpr1b,Non_Target_Long_Genes,3.1428,n
Braf,Non_Target_Long_Genes,2.5469,n
Brip1,Non_Target_Long_Genes,2.629,n
Brip1os,Non_Target_Long_Genes,3.72,n
Cab39l,Non_Target_Long_Genes,5.1066,n
Cables1,Non_Target_Long_Genes,2.2502,n
Cadps2,Non_Target_Long_Genes,2.6658,n
Cald1,Non_Target_Long_Genes,5.2709,n
Cap2,Non_Target_Long_Genes,3.4826,n
Ccdc34,Non_Target_Long_Genes,4.9689,n
Ccdc91,Non_Target_Long_Genes,4.8418,n
Ccny,Non_Target_Long_Genes,5.6024,n
Cd2ap,Non_Target_Long_Genes,4.2323,n
Cdc42bpa,Non_Target_Long_Genes,3.3364,n
Cdh6,Non_Target_Long_Genes,2.4067,n
Cdin1,Non_Target_Long_Genes,4.2339,n
Cdk5rap1,Non_Target_Long_Genes,2.5461,n
Cdkl5,Non_Target_Long_Genes,2.5201,n
Cdyl,Non_Target_Long_Genes,3.056,n
Cenpp,Non_Target_Long_Genes,5.2982,n
Cep128,Non_Target_Long_Genes,3.6027,n
Cep70,Non_Target_Long_Genes,3.8852,n
Cfap20dc,Non_Target_Long_Genes,3.5015,n
Cgnl1,Non_Target_Long_Genes,2.4408,n
Chchd3,Non_Target_Long_Genes,7.4752,n
Chd9,Non_Target_Long_Genes,3.0315,n
Chm,Non_Target_Long_Genes,3.6691,n
Chrna7,Non_Target_Long_Genes,2.1747,n
Clcn5,Non_Target_Long_Genes,2.8153,n
Clec16a,Non_Target_Long_Genes,3.0692,n
Clybl,Non_Target_Long_Genes,3.5374,n
Cmss1,Non_Target_Long_Genes,5.5094,n
Cnih3,Non_Target_Long_Genes,3.0519,n
Cnksr2,Non_Target_Long_Genes,2.378,n
Cntln,Non_Target_Long_Genes,3.3801,n
Cntn1,Non_Target_Long_Genes,2.5167,n
Cntnap4,Non_Target_Long_Genes,2.2955,n
Cobll1,Non_Target_Long_Genes,2.1777,n
Cog5,Non_Target_Long_Genes,4.3161,n
Col15a1,Non_Target_Long_Genes,3.0716,n
Col23a1,Non_Target_Long_Genes,2.0049,n
Col4a2,Non_Target_Long_Genes,5.9551,n
Col4a5,Non_Target_Long_Genes,2.8346,n
Col5a1,Non_Target_Long_Genes,3.0385,n
Col5a2,Non_Target_Long_Genes,4.5881,n
Colec12,Non_Target_Long_Genes,4.8889,n
Copg2,Non_Target_Long_Genes,6.0153,n
Cped1,Non_Target_Long_Genes,2.9335,n
Cpped1,Non_Target_Long_Genes,4.379,n
Cpq,Non_Target_Long_Genes,2.6374,n
Creb3l2,Non_Target_Long_Genes,2.2969,n
Creb5,Non_Target_Long_Genes,2.1678,n
Crppa,Non_Target_Long_Genes,2.8102,n
Crtac1,Non_Target_Long_Genes,2.8439,n
Cryl1,Non_Target_Long_Genes,3.1176,n
Cstpp1,Non_Target_Long_Genes,3.4204,n
Ctnnbl1,Non_Target_Long_Genes,6.9891,n
Ctps2,Non_Target_Long_Genes,4.8184,n
Cwc27,Non_Target_Long_Genes,4.9407,n
Cyp7b1,Non_Target_Long_Genes,2.0156,n
Dab2,Non_Target_Long_Genes,3.6974,n
Dcaf6,Non_Target_Long_Genes,3.9344,n
Ddr2,Non_Target_Long_Genes,2.6162,n
Ddx10,Non_Target_Long_Genes,4.5948,n
Dennd1b,Non_Target_Long_Genes,2.9006,n
Dennd2b,Non_Target_Long_Genes,3.0115,n
Dgkb,Non_Target_Long_Genes,2.0189,n
Diaph2,Non_Target_Long_Genes,2.1375,n
Dis3l2,Non_Target_Long_Genes,4.6207,n
Disp1,Non_Target_Long_Genes,2.3844,n
Dlc1,Non_Target_Long_Genes,2.3667,n
Dmd,Non_Target_Long_Genes,2.2313,n
Dock11,Non_Target_Long_Genes,4.408,n
Dock3,Non_Target_Long_Genes,2.5395,n
Dph6,Non_Target_Long_Genes,4.1794,n
Dpysl2,Non_Target_Long_Genes,5.5501,n
Dpysl3,Non_Target_Long_Genes,7.9211,n
Dtnb,Non_Target_Long_Genes,2.9246,n
Dync1i1,Non_Target_Long_Genes,2.5852,n
Eefsec,Non_Target_Long_Genes,4.385,n
Eepd1,Non_Target_Long_Genes,2.4396,n
Efcab11,Non_Target_Long_Genes,4.1996,n
Egflam,Non_Target_Long_Genes,2.8539,n
Eipr1,Non_Target_Long_Genes,4.1239,n
Elavl4,Non_Target_Long_Genes,6.7472,n
Elf1,Non_Target_Long_Genes,3.0388,n
Elp4,Non_Target_Long_Genes,3.8273,n
Eml4,Non_Target_Long_Genes,5.2419,n
Enox2,Non_Target_Long_Genes,3.7025,n
Enpp2,Non_Target_Long_Genes,4.23,n
Entpd1,Non_Target_Long_Genes,2.1793,n
Epb41l2,Non_Target_Long_Genes,4.7258,n
Epb41l3,Non_Target_Long_Genes,4.547,n
Eps8,Non_Target_Long_Genes,2.0415,n
Erbin,Non_Target_Long_Genes,6.1484,n
Esyt2,Non_Target_Long_Genes,3.4325,n
Etl4,Non_Target_Long_Genes,2.8742,n
Ets1,Non_Target_Long_Genes,3.7947,n
Evi5,Non_Target_Long_Genes,4.5931,n
Exoc2,Non_Target_Long_Genes,4.9764,n
Exoc6,Non_Target_Long_Genes,3.9525,n
Eya2,Non_Target_Long_Genes,3.0249,n
Eya4,Non_Target_Long_Genes,2.174,n
F13a1,Non_Target_Long_Genes,3.3961,n
Fancc,Non_Target_Long_Genes,3.149,n
Farp2,Non_Target_Long_Genes,2.2143,n
Fbn1,Non_Target_Long_Genes,2.5939,n
Fbn2,Non_Target_Long_Genes,2.4759,n
Fbxw7,Non_Target_Long_Genes,3.756,n
Fchsd2,Non_Target_Long_Genes,5.083,n
Fggy,Non_Target_Long_Genes,2.438,n
Fig4,Non_Target_Long_Genes,4.7047,n
Filip1,Non_Target_Long_Genes,2.0171,n
Fli1,Non_Target_Long_Genes,2.8708,n
Fndc3a,Non_Target_Long_Genes,4.9444,n
Focad,Non_Target_Long_Genes,3.5734,n
Fras1,Non_Target_Long_Genes,2.3452,n
Frmd3,Non_Target_Long_Genes,2.5866,n
Fsip1,Non_Target_Long_Genes,2.5219,n
Fstl5,Non_Target_Long_Genes,4.0839,n
Fut9,Non_Target_Long_Genes,3.9334,n
Gabra2,Non_Target_Long_Genes,2.6172,n
Gabra3,Non_Target_Long_Genes,3.0166,n
Galk2,Non_Target_Long_Genes,4.5352,n
Galnt14,Non_Target_Long_Genes,2.4711,n
Gas2,Non_Target_Long_Genes,4.0986,n
Gbe1,Non_Target_Long_Genes,4.7519,n
Gcnt2,Non_Target_Long_Genes,2.0093,n
Ghr,Non_Target_Long_Genes,2.0512,n
Glra2,Non_Target_Long_Genes,2.805,n
Gm29260,Non_Target_Long_Genes,3.3723,n
Gmds,Non_Target_Long_Genes,5.1661,n
Gng12,Non_Target_Long_Genes,3.3589,n
Gpatch2,Non_Target_Long_Genes,4.3219,n
Gpc3,Non_Target_Long_Genes,5.7676,n
Gpc4,Non_Target_Long_Genes,6.2278,n
Gpd2,Non_Target_Long_Genes,4.4664,n
Gpm6a,Non_Target_Long_Genes,7.9314,n
Gramd2b,Non_Target_Long_Genes,2.8329,n
Grb14,Non_Target_Long_Genes,3.0127,n
Gria3,Non_Target_Long_Genes,2.2393,n
Gsg1l,Non_Target_Long_Genes,2.3026,n
Gstcd,Non_Target_Long_Genes,5.1887,n
Gulp1,Non_Target_Long_Genes,3.3823,n
Hdac8,Non_Target_Long_Genes,2.6098,n
Hk1,Non_Target_Long_Genes,4.9044,n
Hlcs,Non_Target_Long_Genes,2.7452,n
Hmbox1,Non_Target_Long_Genes,4.5308,n
Hmgcll1,Non_Target_Long_Genes,3.1439,n
Homer1,Non_Target_Long_Genes,4.355,n
Homer2,Non_Target_Long_Genes,3.8708,n
Hspa12a,Non_Target_Long_Genes,3.3532,n
Hspg2,Non_Target_Long_Genes,2.7283,n
Htr2c,Non_Target_Long_Genes,2.7926,n
Inpp5a,Non_Target_Long_Genes,4.1522,n
Insr,Non_Target_Long_Genes,3.5947,n
Intu,Non_Target_Long_Genes,2.6536,n
Iqgap1,Non_Target_Long_Genes,4.2054,n
Irf2,Non_Target_Long_Genes,3.1782,n
Itga1,Non_Target_Long_Genes,2.4423,n
Itga9,Non_Target_Long_Genes,2.3762,n
Katnip,Non_Target_Long_Genes,2.6659,n
Kdm2b,Non_Target_Long_Genes,5.5409,n
Kdm6a,Non_Target_Long_Genes,3.6415,n
Kif13b,Non_Target_Long_Genes,2.2779,n
Kifc3,Non_Target_Long_Genes,2.1631,n
Kiz,Non_Target_Long_Genes,4.1694,n
Klhl13,Non_Target_Long_Genes,5.7383,n
Klhl32,Non_Target_Long_Genes,2.1079,n
Lama4,Non_Target_Long_Genes,3.9497,n
Lamc1,Non_Target_Long_Genes,5.2013,n
Lhfpl2,Non_Target_Long_Genes,4.1075,n
Lingo1,Non_Target_Long_Genes,2.5197,n
Lmbr1,Non_Target_Long_Genes,3.3025,n
Lmx1a,Non_Target_Long_Genes,3.1934,n
LOC105243282,Non_Target_Long_Genes,3.1351,n
Lrch3,Non_Target_Long_Genes,3.5169,n
Lyn,Non_Target_Long_Genes,2.3425,n
Macrod1,Non_Target_Long_Genes,2.544,n
Man1a,Non_Target_Long_Genes,2.0172,n
Man1c1,Non_Target_Long_Genes,2.4467,n
Map2k5,Non_Target_Long_Genes,4.1844,n
Map3k13,Non_Target_Long_Genes,2.0361,n
Mapkap1,Non_Target_Long_Genes,5.503,n
Mast2,Non_Target_Long_Genes,4.6906,n
Mef2a,Non_Target_Long_Genes,4.0914,n
Mef2c,Non_Target_Long_Genes,3.6712,n
Megf10,Non_Target_Long_Genes,4.2695,n
Megf6,Non_Target_Long_Genes,2.963,n
Mettl15,Non_Target_Long_Genes,2.8595,n
Mgmt,Non_Target_Long_Genes,2.1104,n
Micu1,Non_Target_Long_Genes,6.485,n
Mid1,Non_Target_Long_Genes,4.2487,n
Mindy4,Non_Target_Long_Genes,2.4561,n
Mipol1,Non_Target_Long_Genes,4.0417,n
Mllt10,Non_Target_Long_Genes,4.2749,n
Mms22l,Non_Target_Long_Genes,4.6502,n
Mnat1,Non_Target_Long_Genes,6.4932,n
Mpdz,Non_Target_Long_Genes,5.085,n
Mrps28,Non_Target_Long_Genes,6.3483,n
Msrb3,Non_Target_Long_Genes,4.3206,n
Mthfd1l,Non_Target_Long_Genes,3.5884,n
Mtus1,Non_Target_Long_Genes,3.8228,n
Myo10,Non_Target_Long_Genes,3.7336,n
Myo16,Non_Target_Long_Genes,2.0017,n
Myo1b,Non_Target_Long_Genes,6.1823,n
Myo1e,Non_Target_Long_Genes,2.6108,n
Nalcn,Non_Target_Long_Genes,2.145,n
Nbas,Non_Target_Long_Genes,2.5478,n
Ncald,Non_Target_Long_Genes,3.5262,n
Ncoa7,Non_Target_Long_Genes,2.3211,n
Ndufaf2,Non_Target_Long_Genes,7.4011,n
Ndufs4,Non_Target_Long_Genes,6.4851,n
Nedd9,Non_Target_Long_Genes,4.3933,n
Nek11,Non_Target_Long_Genes,2.021,n
Nek7,Non_Target_Long_Genes,4.5036,n
Nhej1,Non_Target_Long_Genes,3.1135,n
Nhsl1,Non_Target_Long_Genes,2.937,n
Nme7,Non_Target_Long_Genes,6.4747,n
Nr3c1,Non_Target_Long_Genes,2.5222,n
Nt5c2,Non_Target_Long_Genes,5.6537,n
Nt5dc1,Non_Target_Long_Genes,2.2753,n
Ntn4,Non_Target_Long_Genes,3.5256,n
Nubpl,Non_Target_Long_Genes,4.0708,n
Nup93,Non_Target_Long_Genes,6.4319,n
Osbpl1a,Non_Target_Long_Genes,4.0326,n
Oxr1,Non_Target_Long_Genes,4.9248,n
P3h2,Non_Target_Long_Genes,2.801,n
Pacrg,Non_Target_Long_Genes,2.9308,n
Pak3,Non_Target_Long_Genes,4.9828,n
Pan3,Non_Target_Long_Genes,2.0377,n
Pard3b,Non_Target_Long_Genes,2.0145,n
Parm1,Non_Target_Long_Genes,2.5017,n
Parn,Non_Target_Long_Genes,5.6371,n
Parp8,Non_Target_Long_Genes,2.0971,n
Parva,Non_Target_Long_Genes,5.2664,n
Pcca,Non_Target_Long_Genes,4.538,n
Pcdh19,Non_Target_Long_Genes,4.3945,y
Pcdha1,Non_Target_Long_Genes,3.3469,y
Pcdha10,Non_Target_Long_Genes,3.3896,y
Pcdha11,Non_Target_Long_Genes,3.4198,y
Pcdha12,Non_Target_Long_Genes,3.4691,y
Pcdha2,Non_Target_Long_Genes,3.3537,y
Pcdha3,Non_Target_Long_Genes,3.3994,y
Pcdha4,Non_Target_Long_Genes,3.3686,y
Pcdha5,Non_Target_Long_Genes,3.4379,y
Pcdha6,Non_Target_Long_Genes,3.388,y
Pcdha7,Non_Target_Long_Genes,3.419,y
Pcdha8,Non_Target_Long_Genes,3.3414,y
Pcdha9,Non_Target_Long_Genes,3.4723,y
Pcgf5,Non_Target_Long_Genes,3.3738,n
Pcsk2,Non_Target_Long_Genes,2.2875,n
Pcsk6,Non_Target_Long_Genes,3.0129,n
Pcx,Non_Target_Long_Genes,3.7,n
Pde1a,Non_Target_Long_Genes,2.0509,n
Pde4dip,Non_Target_Long_Genes,3.0319,n
Pde8a,Non_Target_Long_Genes,2.3189,n
Pdgfc,Non_Target_Long_Genes,3.8515,n
Pdlim5,Non_Target_Long_Genes,3.1491,n
Pdss2,Non_Target_Long_Genes,3.0793,n
Pepd,Non_Target_Long_Genes,5.7668,n
Phactr2,Non_Target_Long_Genes,2.74,n
Phkb,Non_Target_Long_Genes,3.4204,n
Phldb2,Non_Target_Long_Genes,3.7646,n
Phtf2,Non_Target_Long_Genes,3.6625,n
Pigk,Non_Target_Long_Genes,3.8954,n
Pign,Non_Target_Long_Genes,2.9065,n
Plce1,Non_Target_Long_Genes,2.5097,n
Plch1,Non_Target_Long_Genes,3.1214,n
Plekhg1,Non_Target_Long_Genes,2.0711,n
Pms1,Non_Target_Long_Genes,3.5396,n
Pola1,Non_Target_Long_Genes,5.0842,n
Ppfibp1,Non_Target_Long_Genes,3.9944,n
Ppp2r3a,Non_Target_Long_Genes,4.151,n
Prdm10,Non_Target_Long_Genes,2.3226,n
Prdm2,Non_Target_Long_Genes,3.932,n
Prdm5,Non_Target_Long_Genes,2.1739,n
Prkag2,Non_Target_Long_Genes,5.47,n
Prkch,Non_Target_Long_Genes,2.4882,n
Prkd1,Non_Target_Long_Genes,4.107,n
Prom1,Non_Target_Long_Genes,5.8925,n
Prr5l,Non_Target_Long_Genes,2.9394,n
Psd3,Non_Target_Long_Genes,2.5857,n
Ptk2,Non_Target_Long_Genes,5.6817,n
Ptpn13,Non_Target_Long_Genes,2.7474,n
Ptpra,Non_Target_Long_Genes,6.014,n
Ptprz1,Non_Target_Long_Genes,4.8614,n
R3hdm1,Non_Target_Long_Genes,4.4915,n
R3hdm2,Non_Target_Long_Genes,4.6335,n
Rad54l2,Non_Target_Long_Genes,3.5741,n
Ralgapa2,Non_Target_Long_Genes,2.2083,n
Ralyl,Non_Target_Long_Genes,3.0285,n
Rap1gds1,Non_Target_Long_Genes,5.7601,n
Rapgef5,Non_Target_Long_Genes,2.8015,n
Rapgef6,Non_Target_Long_Genes,2.836,n
Rarb,Non_Target_Long_Genes,2.2584,n
Rbm20,Non_Target_Long_Genes,3.1659,n
Rbm41,Non_Target_Long_Genes,2.3159,n
Rbpj,Non_Target_Long_Genes,5.7721,n
Rbpms,Non_Target_Long_Genes,2.975,n
Reln,Non_Target_Long_Genes,4.4935,n
Rev3l,Non_Target_Long_Genes,2.865,n
Rftn1,Non_Target_Long_Genes,3.1659,n
Rgl1,Non_Target_Long_Genes,4.0603,n
Rgs3,Non_Target_Long_Genes,3.5004,n
Rhobtb1,Non_Target_Long_Genes,2.8376,n
Rin2,Non_Target_Long_Genes,3.6818,n
Ripor2,Non_Target_Long_Genes,2.1056,n
Rnf180,Non_Target_Long_Genes,4.4399,n
Rock1,Non_Target_Long_Genes,4.7983,n
Rps6ka2,Non_Target_Long_Genes,3.7776,n
Rps6ka5,Non_Target_Long_Genes,3.1671,n
Rps6ka6,Non_Target_Long_Genes,5.876,n
Rspo2,Non_Target_Long_Genes,4.4047,n
Rsu1,Non_Target_Long_Genes,5.2217,n
Sacs,Non_Target_Long_Genes,2.0896,n
Sash1,Non_Target_Long_Genes,2.3218,n
Scaper,Non_Target_Long_Genes,3.6492,n
Scfd2,Non_Target_Long_Genes,3.1078,n
Scp2,Non_Target_Long_Genes,6.1691,n
Sdc2,Non_Target_Long_Genes,4.1912,n
Sdccag8,Non_Target_Long_Genes,3.6446,n
Sema3a,Non_Target_Long_Genes,3.1399,n
Sema3c,Non_Target_Long_Genes,4.4039,n
Sgk1,Non_Target_Long_Genes,2.9578,n
Sgk3,Non_Target_Long_Genes,2.3965,n
Sh3d19,Non_Target_Long_Genes,2.4819,n
Sh3pxd2a,Non_Target_Long_Genes,3.8092,n
Shc3,Non_Target_Long_Genes,2.2506,n
Shisal1,Non_Target_Long_Genes,2.1469,n
Shroom2,Non_Target_Long_Genes,2.8103,n
Sik2,Non_Target_Long_Genes,2.5495,n
Sipa1l2,Non_Target_Long_Genes,4.9433,n
Skap2,Non_Target_Long_Genes,2.2968,n
Slc16a10,Non_Target_Long_Genes,2.562,n
Slc16a2,Non_Target_Long_Genes,4.4007,n
Slc39a10,Non_Target_Long_Genes,5.6885,n
Slc7a11,Non_Target_Long_Genes,2.3727,n
Slmap,Non_Target_Long_Genes,3.9583,n
Smarca2,Non_Target_Long_Genes,4.679,n
Smyd3,Non_Target_Long_Genes,2.8859,n
Snrpn,Non_Target_Long_Genes,7.0192,n
Snx12,Non_Target_Long_Genes,4.8731,n
Snx13,Non_Target_Long_Genes,3.505,n
Snx29,Non_Target_Long_Genes,3.1684,n
Sorbs1,Non_Target_Long_Genes,2.9439,n
Spata13,Non_Target_Long_Genes,2.7554,n
Specc1,Non_Target_Long_Genes,3.7124,n
Spidr,Non_Target_Long_Genes,4.6991,n
Spire1,Non_Target_Long_Genes,5.082,n
Spock3,Non_Target_Long_Genes,2.4484,n
Srpk2,Non_Target_Long_Genes,5.1079,n
St18,Non_Target_Long_Genes,3.5777,n
St7,Non_Target_Long_Genes,3.6775,n
Stat4,Non_Target_Long_Genes,2.7694,n
Stim1,Non_Target_Long_Genes,3.8065,n
Stim2,Non_Target_Long_Genes,4.2893,n
Stk32c,Non_Target_Long_Genes,2.1226,n
Stk33,Non_Target_Long_Genes,2.1271,n
Ston2,Non_Target_Long_Genes,2.8964,n
Stxbp4,Non_Target_Long_Genes,3.8051,n
Stxbp5,Non_Target_Long_Genes,2.0716,n
Suclg2,Non_Target_Long_Genes,4.5668,n
Supt3,Non_Target_Long_Genes,5.2761,n
Sv2b,Non_Target_Long_Genes,3.0809,n
Synpr,Non_Target_Long_Genes,3.8461,n
Syt9,Non_Target_Long_Genes,2.7835,n
Tacc1,Non_Target_Long_Genes,3.4271,n
Tafa5,Non_Target_Long_Genes,4.5629,n
Tango6,Non_Target_Long_Genes,2.7096,n
Tasp1,Non_Target_Long_Genes,2.1766,n
Tbc1d1,Non_Target_Long_Genes,3.7799,n
Tbc1d4,Non_Target_Long_Genes,2.7351,n
Tbc1d5,Non_Target_Long_Genes,2.8444,n
Tbx15,Non_Target_Long_Genes,2.0291,n
Tdrd3,Non_Target_Long_Genes,4.3728,n
Tec,Non_Target_Long_Genes,2.2431,n
Tek,Non_Target_Long_Genes,3.3681,n
Thada,Non_Target_Long_Genes,2.7136,n
Tjp1,Non_Target_Long_Genes,5.2274,n
Tjp2,Non_Target_Long_Genes,4.604,n
Tmem131,Non_Target_Long_Genes,4.2311,n
Tmem135,Non_Target_Long_Genes,3.9716,n
Tmem267,Non_Target_Long_Genes,3.6727,n
Tnfaip8,Non_Target_Long_Genes,4.6564,n
Tnrc6a,Non_Target_Long_Genes,3.3204,n
Tns3,Non_Target_Long_Genes,3.2993,n
Tpd52l1,Non_Target_Long_Genes,3.8668,n
Trappc9,Non_Target_Long_Genes,4.6251,n
Trim37,Non_Target_Long_Genes,7.5069,n
Trio,Non_Target_Long_Genes,3.2709,n
Tspan7,Non_Target_Long_Genes,7.2024,n
Ttc27,Non_Target_Long_Genes,4.5678,n
Ttll5,Non_Target_Long_Genes,3.2602,n
Ube3d,Non_Target_Long_Genes,2.2343,n
Usp29,Non_Target_Long_Genes,2.6636,n
Usp37,Non_Target_Long_Genes,4.1632,n
Vat1l,Non_Target_Long_Genes,5.0618,n
Vcl,Non_Target_Long_Genes,3.5396,n
Vegfc,Non_Target_Long_Genes,3.4137,n
Vps13b,Non_Target_Long_Genes,2.1402,n
Vps41,Non_Target_Long_Genes,6.519,n
Vps8,Non_Target_Long_Genes,4.4531,n
Vrk2,Non_Target_Long_Genes,3.5129,n
Vwa8,Non_Target_Long_Genes,3.0019,n
Wdpcp,Non_Target_Long_Genes,3.1211,n
Wdr44,Non_Target_Long_Genes,2.9512,n
Wdr7,Non_Target_Long_Genes,3.9623,n
Wipf1,Non_Target_Long_Genes,2.8528,n
Wnk1,Non_Target_Long_Genes,4.6605,n
Wnt5b,Non_Target_Long_Genes,3.7185,n
Wrn,Non_Target_Long_Genes,2.8345,n
Wwtr1,Non_Target_Long_Genes,5.1413,n
Xpnpep1,Non_Target_Long_Genes,6.6818,n
Xpr1,Non_Target_Long_Genes,5.681,n
Xrcc4,Non_Target_Long_Genes,4.1178,n
Zdbf2,Non_Target_Long_Genes,3.6781,n
Zdhhc15,Non_Target_Long_Genes,2.6431,n
Zfp277,Non_Target_Long_Genes,5.2537,n
Zfp638,Non_Target_Long_Genes,5.3083,n
Zfp800,Non_Target_Long_Genes,2.4899,n
Zfyve9,Non_Target_Long_Genes,4.0596,n
Zhx3,Non_Target_Long_Genes,2.5374,n
Zranb3,Non_Target_Long_Genes,3.6086,n
2610035D17Rik,Strong_Target,4.1389,n
Aff3,Strong_Target,3.2721,n
Auts2,Strong_Target,5.4327,n
Cadm1,Strong_Target,4.5429,n
Cdh4,Strong_Target,3.5976,n
Celf4,Strong_Target,5.2447,n
Chd7,Strong_Target,3.9795,n
Coro2b,Strong_Target,5.5345,n
Cracd,Strong_Target,3.7538,n
Ctif,Strong_Target,3.5685,n
Ctnna2,Strong_Target,5.7079,n
Ctnnd2,Strong_Target,4.1835,n
Cyrib,Strong_Target,5.9422,n
Dab2ip,Strong_Target,4.3492,n
Dapk1,Strong_Target,4.6123,n
Dcc,Strong_Target,4.7294,n
Dip2b,Strong_Target,3.3315,n
Dip2c,Strong_Target,2.6346,n
Dock4,Strong_Target,2.5079,n
Efna5,Strong_Target,2.6022,n
Enox1,Strong_Target,3.1285,n
Ephb1,Strong_Target,4.7725,n
Ext1,Strong_Target,4.8206,n
Fmnl2,Strong_Target,5.3132,n
Frmd5,Strong_Target,3.6201,n
Fto,Strong_Target,6.2781,n
Gabrb3,Strong_Target,4.153,n
Gnao1,Strong_Target,5.7139,n
Grip1,Strong_Target,2.5022,n
Hs2st1,Strong_Target,6.4257,n
Igf1r,Strong_Target,3.4942,n
Jmjd1c,Strong_Target,3.3862,n
Kalrn,Strong_Target,2.1949,n
Kcnq3,Strong_Target,2.0511,n
Kirrel3,Strong_Target,2.3921,n
Klhl29,Strong_Target,2.4171,n
Lrrc8d,Strong_Target,4.7996,n
Maml3,Strong_Target,2.4629,n
Map4k4,Strong_Target,7.0635,n
Mb21d2,Strong_Target,3.4048,n
Mboat2,Strong_Target,4.1858,n
Mllt3,Strong_Target,4.946,n
Msi2,Strong_Target,5.4408,n
Mtss1,Strong_Target,4.7978,n
Ncam1,Strong_Target,4.3822,n
Ncoa2,Strong_Target,3.4997,n
Nedd4l,Strong_Target,5.0549,n
Nfia,Strong_Target,4.4095,n
Nfib,Strong_Target,6.2603,n
Npas3,Strong_Target,3.0749,n
Ntm,Strong_Target,3.7114,n
Pbx1,Strong_Target,5.3917,n
Pbx3,Strong_Target,4.4271,n
Phactr1,Strong_Target,3.6508,n
Plekha5,Strong_Target,3.5634,n
Plxna4,Strong_Target,3.3502,n
Ppp3ca,Strong_Target,5.0129,n
Prdm16,Strong_Target,3.3382,n
Prkce,Strong_Target,4.0468,n
Ptprg,Strong_Target,4.4784,n
Rbfox1,Strong_Target,2.8847,n
Rere,Strong_Target,4.1503,n
Runx1t1,Strong_Target,2.7623,n
Setbp1,Strong_Target,3.5527,n
Srgap3,Strong_Target,4.2497,n
Srrm4,Strong_Target,2.5624,n
St6galnac3,Strong_Target,3.3411,n
Tcf4,Strong_Target,7.1843,n
Tenm3,Strong_Target,3.6569,n
Tmem108,Strong_Target,2.4608,n
Tmem178b,Strong_Target,2.4566,n
Tnrc6c,Strong_Target,3.2284,n
Trim2,Strong_Target,5.4314,n
Tspan5,Strong_Target,4.9262,n
Unc5d,Strong_Target,2.2103,n
Zeb1,Strong_Target,5.3682,n
Zeb2,Strong_Target,5.0816,n
Zmiz1,Strong_Target,4.416,n
Zswim6,Strong_Target,3.8233,n
1700025G04Rik,Weak_Target,3.7767,n
2210408I21Rik,Weak_Target,2.996,n
Aak1,Weak_Target,2.3878,n
Abi1,Weak_Target,5.8743,n
Abl1,Weak_Target,3.6274,n
Ablim1,Weak_Target,3.1466,n
Acaca,Weak_Target,5.117,n
Acap2,Weak_Target,2.8615,n
Acyp2,Weak_Target,3.3818,n
Adamts3,Weak_Target,2.3806,n
Adcy5,Weak_Target,2.6565,n
Adgrb3,Weak_Target,3.1378,n
Adgrl2,Weak_Target,5.1917,n
Adgrl3,Weak_Target,2.2738,n
Adgrv1,Weak_Target,2.0578,n
Afap1,Weak_Target,2.264,n
Afdn,Weak_Target,5.0929,n
Agap1,Weak_Target,2.8091,n
Agpat4,Weak_Target,5.2293,n
Ahcyl2,Weak_Target,3.6388,n
Aig1,Weak_Target,4.1582,n
Aim2,Weak_Target,2.1938,n
Akap6,Weak_Target,2.638,n
Akt3,Weak_Target,6.3631,n
Alcam,Weak_Target,4.9715,n
Ambra1,Weak_Target,3.9563,n
Amph,Weak_Target,3.3245,n
Ank,Weak_Target,3.3637,n
Ank2,Weak_Target,2.0836,n
Ank3,Weak_Target,2.6757,n
Ankrd11,Weak_Target,3.3551,n
Ankrd17,Weak_Target,4.1044,n
Ankrd28,Weak_Target,4.7455,n
Ankrd44,Weak_Target,2.5256,n
Ankrd6,Weak_Target,4.0943,n
Anks1,Weak_Target,3.9318,n
Ano1,Weak_Target,2.272,n
Ano6,Weak_Target,4.1209,n
Ap3b1,Weak_Target,4.861,n
Apba2,Weak_Target,5.737,n
Apbb2,Weak_Target,2.6982,n
Apc,Weak_Target,3.9315,n
App,Weak_Target,6.5146,n
Arb2a,Weak_Target,5.4724,n
Arhgap18,Weak_Target,3.8797,n
Arhgap21,Weak_Target,4.4933,n
Arhgap32,Weak_Target,2.6898,n
Arhgef10l,Weak_Target,4.0606,n
Arhgef11,Weak_Target,3.3499,n
Arhgef12,Weak_Target,3.6165,n
Arhgef7,Weak_Target,5.9306,n
Arhgef9,Weak_Target,3.3403,n
Arid1b,Weak_Target,2.4072,n
Arid2,Weak_Target,3.9113,n
Arid4b,Weak_Target,5.0988,n
Ark2c,Weak_Target,3.8087,n
Arl15,Weak_Target,4.4725,n
Arnt2,Weak_Target,5.1423,n
Asap1,Weak_Target,3.7802,n
Asap2,Weak_Target,4.4143,n
Astn1,Weak_Target,5.1667,n
Astn2,Weak_Target,2.1651,n
Atp11a,Weak_Target,2.91,n
Atp11c,Weak_Target,4.207,n
Atp2b1,Weak_Target,4.4107,n
Atp8a2,Weak_Target,2.5656,n
Atp9a,Weak_Target,5.9838,n
Atrnl1,Weak_Target,4.2909,n
Atrx,Weak_Target,5.4613,n
Atxn10,Weak_Target,8.6755,n
Atxn2,Weak_Target,4.4402,n
B3galt1,Weak_Target,2.8539,n
Babam2,Weak_Target,4.2847,n
Bach2,Weak_Target,3.8841,n
Baz2b,Weak_Target,3.4641,n
Bbs9,Weak_Target,3.8479,n
Bbx,Weak_Target,2.8019,n
Bcas3,Weak_Target,3.2329,n
Bcor,Weak_Target,3.7457,n
Bcr,Weak_Target,4.2331,n
Bicd1,Weak_Target,3.0297,n
Bmerb1,Weak_Target,3.2283,n
Bmpr2,Weak_Target,4.2964,n
Bri3,Weak_Target,2.5012,n
Brinp1,Weak_Target,2.6124,n
Brinp2,Weak_Target,3.4421,n
Btbd9,Weak_Target,3.9678,n
Btrc,Weak_Target,4.3604,n
Cachd1,Weak_Target,5.0369,n
Cacna2d1,Weak_Target,4.4283,n
Cacna2d2,Weak_Target,2.7514,n
Cacna2d3,Weak_Target,2.6906,n
Cadps,Weak_Target,4.4841,n
Camk2d,Weak_Target,2.5039,n
Camkmt,Weak_Target,2.6887,n
Camta1,Weak_Target,4.0373,n
Cask,Weak_Target,4.0963,n
Cbfa2t2,Weak_Target,4.3453,n
Cblb,Weak_Target,3.6178,n
Ccdc88c,Weak_Target,3.0497,n
Ccser1,Weak_Target,3.2833,n
Cdc14a,Weak_Target,3.4588,n
Cdh10,Weak_Target,3.2714,n
Cdh11,Weak_Target,4.8911,n
Cdh13,Weak_Target,4.2344,n
Cdh2,Weak_Target,7.4566,n
Cdh22,Weak_Target,2.4349,n
Cdh8,Weak_Target,3.3944,n
Cdk14,Weak_Target,4.1989,n
Cdk19,Weak_Target,4.5942,n
Cdk5rap2,Weak_Target,3.4177,n
Cdk6,Weak_Target,2.7904,n
Cdkal1,Weak_Target,2.2137,n
Cecr2,Weak_Target,2.6794,n
Celf2,Weak_Target,5.9434,n
Celsr1,Weak_Target,4.8263,n
Cep112,Weak_Target,3.6029,n
Cers6,Weak_Target,3.405,n
Chchd6,Weak_Target,5.5412,n
Chd6,Weak_Target,3.1847,n
Chl1,Weak_Target,3.4,n
Chn1,Weak_Target,5.6734,n
Chn2,Weak_Target,4.2322,n
Chst11,Weak_Target,2.5864,n
Chst8,Weak_Target,2.4437,n
Clasp1,Weak_Target,5.4279,n
Clvs1,Weak_Target,3.5139,n
Cmip,Weak_Target,4.796,n
Cnnm2,Weak_Target,2.225,n
Cnot4,Weak_Target,4.2648,n
Cntnap2,Weak_Target,4.5721,n
Col18a1,Weak_Target,5.8603,n
Col26a1,Weak_Target,4.1902,n
Col4a1,Weak_Target,5.7349,n
Commd10,Weak_Target,4.9077,n
Cox10,Weak_Target,3.0396,n
Cox16,Weak_Target,7.2019,n
Cpe,Weak_Target,8.3451,n
Cradd,Weak_Target,3.385,n
Crebbp,Weak_Target,2.0996,n
Crim1,Weak_Target,2.4193,n
Csrnp3,Weak_Target,3.6751,n
Ctbp2,Weak_Target,6.8733,n
Ctdspl,Weak_Target,3.2631,n
Ctnna1,Weak_Target,7.371,n
Cttnbp2,Weak_Target,2.7748,n
Cux1,Weak_Target,6.1766,n
Cyria,Weak_Target,5.3224,n
D630045J12Rik,Weak_Target,3.0129,n
Daam1,Weak_Target,4.9522,n
Dab1,Weak_Target,5.1554,n
Dach1,Weak_Target,5.765,n
Dcaf5,Weak_Target,4.9825,n
Dclk1,Weak_Target,5.0636,n
Dclk2,Weak_Target,5.1584,n
Ddah1,Weak_Target,5.1359,n
Dennd1a,Weak_Target,3.8949,n
Diaph3,Weak_Target,3.3806,n
Dlg1,Weak_Target,4.9061,n
Dlg2,Weak_Target,2.0406,n
Dlg5,Weak_Target,3.9699,n
Dlgap4,Weak_Target,4.9413,n
Dnajc1,Weak_Target,3.9474,n
Dnajc6,Weak_Target,3.2442,n
Dner,Weak_Target,5.3165,n
Dnm3,Weak_Target,2.1207,n
Dock1,Weak_Target,4.0042,n
Dock7,Weak_Target,5.598,n
Dok5,Weak_Target,5.2749,n
Dok6,Weak_Target,2.3738,n
Dpp6,Weak_Target,2.9359,n
Dtd1,Weak_Target,5.2715,n
Dym,Weak_Target,4.5899,n
Dyrk1a,Weak_Target,5.52,n
E130307A14Rik,Weak_Target,4.1778,n
E130308A19Rik,Weak_Target,2.6677,n
Ebf3,Weak_Target,2.6056,n
Ece1,Weak_Target,2.99,n
Edil3,Weak_Target,3.8995,n
Eea1,Weak_Target,2.5813,n
Efl1,Weak_Target,3.7807,n
Ehbp1,Weak_Target,4.972,n
Ehmt1,Weak_Target,5.6052,n
Eif4g3,Weak_Target,4.4479,n
Elavl2,Weak_Target,7.2013,n
Elmo1,Weak_Target,3.0924,n
Elovl6,Weak_Target,4.4846,n
Eml1,Weak_Target,4.8126,n
Enah,Weak_Target,5.3002,n
Epb41,Weak_Target,6.4376,n
Epb41l1,Weak_Target,2.7379,n
Epb41l4a,Weak_Target,3.1018,n
Epc2,Weak_Target,5.6355,n
Epha3,Weak_Target,5.5186,n
Epha4,Weak_Target,6.2905,n
Epha5,Weak_Target,5.6358,n
Epha7,Weak_Target,4.4498,n
Ephb2,Weak_Target,4.0018,n
Erc1,Weak_Target,3.8183,n
Erc2,Weak_Target,2.8951,n
Eri3,Weak_Target,6.9421,n
Etv6,Weak_Target,3.1984,n
Evl,Weak_Target,7.462,n
Exoc4,Weak_Target,4.997,n
Exoc6b,Weak_Target,4.4508,n
Faf1,Weak_Target,5.6834,n
Fam110b,Weak_Target,4.0643,n
Fam120c,Weak_Target,2.5117,n
Fam168a,Weak_Target,5.253,n
Fam171a1,Weak_Target,4.7365,n
Fam193a,Weak_Target,4.2385,n
Fam53b,Weak_Target,3.6447,n
Farp1,Weak_Target,4.7673,n
Fars2,Weak_Target,4.5434,n
Fat1,Weak_Target,3.5248,n
Fat3,Weak_Target,2.2976,n
Fat4,Weak_Target,2.9052,n
Fbxl17,Weak_Target,2.6636,n
Fbxl7,Weak_Target,2.1389,n
Fer,Weak_Target,3.2363,n
Fgd4,Weak_Target,3.9517,n
Fgf13,Weak_Target,5.5344,n
Fhod3,Weak_Target,3.2033,n
Flnb,Weak_Target,4.1436,n
Fmn2,Weak_Target,2.7158,n
Fnbp1,Weak_Target,3.5441,n
Fndc3b,Weak_Target,2.0374,n
Fnip2,Weak_Target,2.4406,n
Foxn3,Weak_Target,2.9358,n
Foxp1,Weak_Target,2.9683,n
Foxp2,Weak_Target,2.6359,n
Frmd4a,Weak_Target,5.3546,n
Frmd4b,Weak_Target,5.0385,n
Fryl,Weak_Target,3.3102,n
Fut8,Weak_Target,4.9933,n
Fyn,Weak_Target,6.6261,n
Gab1,Weak_Target,syosikis,n
Gab2,Weak_Target,2.8171,n
Galnt10,Weak_Target,4.0089,n
Galnt17,Weak_Target,3.7266,n
Galnt2,Weak_Target,5.7973,n
Galnt7,Weak_Target,4.0614,n
Garem1,Weak_Target,2.4784,n
Gas7,Weak_Target,2.0935,n
Gbf1,Weak_Target,4.3521,n
Gfra1,Weak_Target,3.6055,n
Glg1,Weak_Target,5.7988,n
Gli2,Weak_Target,2.8624,n
Gli3,Weak_Target,3.808,n
Gm38666,Weak_Target,5.715,y
Gm38667,Weak_Target,5.7296,y
Gnaq,Weak_Target,5.3748,n
Gng2,Weak_Target,7.2825,n
Gpc6,Weak_Target,3.1801,n
Gphn,Weak_Target,4.0966,n
Gpm6b,Weak_Target,6.7205,n
Grb10,Weak_Target,7.6926,n
Gria1,Weak_Target,2.9336,n
Gria2,Weak_Target,2.7003,n
Gria4,Weak_Target,2.5813,n
Grik2,Weak_Target,3.2017,n
Grk5,Weak_Target,2.5416,n
Gse1,Weak_Target,2.9858,n
Gsk3b,Weak_Target,5.3503,n
Gtdc1,Weak_Target,5.4699,n
Gtf2f2,Weak_Target,6.7624,n
Hectd4,Weak_Target,2.2688,n
Hecw1,Weak_Target,3.1352,n
Hip1,Weak_Target,4.3892,n
Hipk2,Weak_Target,3.395,n
Hivep1,Weak_Target,2.1751,n
Hmga2,Weak_Target,4.2526,n
Hpcal1,Weak_Target,5.0827,n
Hs6st2,Weak_Target,4.6656,n
Hsd17b12,Weak_Target,6.9754,n
Hunk,Weak_Target,5.1093,n
Hycc1,Weak_Target,3.9431,n
Ica1,Weak_Target,3.1142,n
Igf2bp2,Weak_Target,5.8097,n
Igf2bp3,Weak_Target,5.7399,n
Igsf11,Weak_Target,2.7772,n
Igsf21,Weak_Target,3.1151,n
Iqgap2,Weak_Target,4.0573,n
Iqschfp,Weak_Target,5.649,n
Iqsec1,Weak_Target,3.4814,n
Itpk1,Weak_Target,4.776,n
Itpr1,Weak_Target,2.491,n
Itsn1,Weak_Target,4.0812,n
Jak1,Weak_Target,4.8679,n
Jakmip1,Weak_Target,2.471,n
Jakmip2,Weak_Target,3.2324,n
Jarid2,Weak_Target,3.8365,n
Kansl1,Weak_Target,4.4658,n
Kat2b,Weak_Target,2.6198,n
Kat6b,Weak_Target,4.1017,n
Kazn,Weak_Target,3.7833,n
Kcnd2,Weak_Target,2.6346,n
Kcnd3,Weak_Target,3.1232,n
Kcnip1,Weak_Target,3.8585,n
Kcnk10,Weak_Target,2.9758,n
Kcnk2,Weak_Target,3.5785,n
Kcnn2,Weak_Target,2.1346,n
Kctd1,Weak_Target,4.4266,n
Khdrbs2,Weak_Target,3.3987,n
Khdrbs3,Weak_Target,7.3041,n
Kif13a,Weak_Target,2.6348,n
Kif16b,Weak_Target,2.2481,n
Kif21a,Weak_Target,5.2022,n
Kif5c,Weak_Target,7.1015,n
Klf12,Weak_Target,3.3262,n
Kmt2c,Weak_Target,2.6187,n
Ksr1,Weak_Target,2.1565,n
Large,Weak_Target,4.4296,n
Large1,Weak_Target,3.1882,n
Lclat1,Weak_Target,2.8597,n
Lcorl,Weak_Target,3.0066,n
Ldb2,Weak_Target,3.2361,n
Ldlrad3,Weak_Target,4.3559,n
Lef1,Weak_Target,2.9539,n
Lhfpl6,Weak_Target,4.3822,n
Limch1,Weak_Target,4.1661,n
Lims1,Weak_Target,4.9355,n
Lmo3,Weak_Target,4.8563,n
Lpar1,Weak_Target,4.9541,n
Lrba,Weak_Target,2.7234,n
Lrch1,Weak_Target,2.2731,n
Lrfn5,Weak_Target,3.6143,n
Lrrc1,Weak_Target,5.0882,n
Lrrc20,Weak_Target,3.6758,n
Lrrc28,Weak_Target,3.3923,n
Lrrc4c,Weak_Target,2.6324,n
Lrrfip1,Weak_Target,2.9209,n
Lsamp,Weak_Target,2.0921,n
Ltbp1,Weak_Target,3.1572,n
Luzp2,Weak_Target,2.7778,n
Lypd6,Weak_Target,3.5431,n
Lyrm4,Weak_Target,4.6614,n
Macf1,Weak_Target,3.3406,n
Macrod2,Weak_Target,3.1702,n
Mad1l1,Weak_Target,4.7139,n
Magi1,Weak_Target,3.9891,n
Magi2,Weak_Target,2.4719,n
Magi3,Weak_Target,2.9872,n
Mamld1,Weak_Target,2.7249,n
Map2,Weak_Target,7.0226,n
Map2k4,Weak_Target,5.691,n
Map2k6,Weak_Target,4.8681,n
Map4,Weak_Target,5.3649,n
Map4k3,Weak_Target,5.1088,n
Mapk10,Weak_Target,2.8757,n
Mapk4,Weak_Target,2.1263,n
Mapre2,Weak_Target,5.5256,n
Mapt,Weak_Target,5.1506,n
Mark1,Weak_Target,4.455,n
Mbnl1,Weak_Target,3.081,n
Mbnl2,Weak_Target,2.854,n
Mcf2l,Weak_Target,3.2647,n
Mcph1,Weak_Target,2.4056,n
Mcu,Weak_Target,3.4068,n
Med13l,Weak_Target,3.0177,n
Med27,Weak_Target,5.5157,n
Megf9,Weak_Target,5.0596,n
Meis2,Weak_Target,7.4971,n
Mgat5,Weak_Target,3.4909,n
Mmp16,Weak_Target,3.2454,n
Mpp7,Weak_Target,2.7828,n
Mpped2,Weak_Target,7.4571,n
Mprip,Weak_Target,5.1024,n
Mrtfa,Weak_Target,3.0075,n
Msra,Weak_Target,4.781,n
Mtcl1,Weak_Target,2.3757,n
Mtmr3,Weak_Target,4.7841,n
Mvb12b,Weak_Target,5.4632,n
Myo18a,Weak_Target,4.7219,n
Myo5a,Weak_Target,4.3233,n
Myo6,Weak_Target,3.2754,n
Myt1l,Weak_Target,3.6677,n
Nav1,Weak_Target,3.2263,n
Nbea,Weak_Target,4.6109,n
Ncam2,Weak_Target,3.0252,n
Nck2,Weak_Target,5.1006,n
Nckap5,Weak_Target,2.409,n
Ncoa1,Weak_Target,3.3194,n
Nectin3,Weak_Target,3.6863,n
Negr1,Weak_Target,3.7554,n
Nell2,Weak_Target,7.0924,n
Neo1,Weak_Target,4.9275,n
Nf1,Weak_Target,3.0137,n
Nfasc,Weak_Target,3.155,n
Nipbl,Weak_Target,4.4081,n
Nkain3,Weak_Target,2.382,n
Nlgn1,Weak_Target,3.1556,n
Nlk,Weak_Target,3.9192,n
Nmnat2,Weak_Target,3.0339,n
Nol4,Weak_Target,4.1723,n
Nol4l,Weak_Target,3.4675,n
Nos1ap,Weak_Target,4.4973,n
Notch2,Weak_Target,3.6812,n
Nova1,Weak_Target,3.6698,n
Nrcam,Weak_Target,4.1714,n
Nrf1,Weak_Target,4.8137,n
Nrp1,Weak_Target,4.8328,n
Nrxn1,Weak_Target,2.8147,n
Nsd3,Weak_Target,3.3357,n
Nsmce2,Weak_Target,7.5482,n
Ntn1,Weak_Target,2.4622,n
Ntrk2,Weak_Target,3.6077,n
Ntrk3,Weak_Target,2.3821,n
Numb,Weak_Target,3.5446,n
Nxn,Weak_Target,6.2116,n
Ola1,Weak_Target,7.8514,n
Ophn1,Weak_Target,3.1754,n
Osbpl8,Weak_Target,4.0673,n
Osbpl9,Weak_Target,5.3297,n
Oxct1,Weak_Target,7.484,n
Pacs1,Weak_Target,4.1048,n
Pag1,Weak_Target,3.2004,n
Pak5,Weak_Target,4.2287,n
Pakap,Weak_Target,2.6636,n
Palld,Weak_Target,4.3625,n
Pam,Weak_Target,5.6229,n
Pard3,Weak_Target,4.5512,n
Pcbp3,Weak_Target,4.1333,n
Pcdh7,Weak_Target,2.6242,y
Pcdh9,Weak_Target,3.1544,y
Pcdha4b,Weak_Target,5.7146,y
Pcdhga1,Weak_Target,5.7472,y
Pcdhga2,Weak_Target,5.7717,y
Pcdhga3,Weak_Target,5.7606,y
Pcdhga4,Weak_Target,5.7923,y
Pcdhga5,Weak_Target,5.7799,y
Pcdhga6,Weak_Target,5.7798,y
Pcdhga7,Weak_Target,5.7685,y
Pcdhga8,Weak_Target,5.7152,y
Pcdhga9,Weak_Target,5.7119,y
Pcdhgb1,Weak_Target,5.7706,y
Pcdhgb2,Weak_Target,5.793,y
Pcdhgb4,Weak_Target,5.8169,y
Pcdhgb5,Weak_Target,5.8055,y
Pcnx,Weak_Target,3.1618,n
Pde10a,Weak_Target,2.5271,n
Pde3b,Weak_Target,2.9258,n
Pde4b,Weak_Target,2.703,n
Pde4d,Weak_Target,2.525,n
Pds5b,Weak_Target,5.0119,n
Pdzrn3,Weak_Target,3.5071,n
Peli2,Weak_Target,2.66,n
Pex14,Weak_Target,4.6287,n
Phactr3,Weak_Target,4.203,n
Phf14,Weak_Target,6.8359,n
Phf21a,Weak_Target,3.957,n
Phlpp1,Weak_Target,3.9867,n
Pid1,Weak_Target,3.9267,n
Pip4k2a,Weak_Target,3.073,n
Pitpnc1,Weak_Target,3.9632,n
Pitpnm2,Weak_Target,2.6149,n
Pknox2,Weak_Target,2.9428,n
Pkp4,Weak_Target,4.8931,n
Plcb1,Weak_Target,3.5761,n
Plcl1,Weak_Target,3.4453,n
Plcl2,Weak_Target,4.0931,n
Plekha7,Weak_Target,2.5844,n
Plppr1,Weak_Target,4.0232,n
Plxdc2,Weak_Target,2.0048,n
Plxna2,Weak_Target,4.9347,n
Pou2f1,Weak_Target,2.3507,n
Ppfia2,Weak_Target,2.7756,n
Ppm1e,Weak_Target,4.3722,n
Ppm1l,Weak_Target,4.3473,n
Ppp1r12a,Weak_Target,4.657,n
Ppp1r12b,Weak_Target,2.3898,n
Ppp1r9a,Weak_Target,3.3919,n
Ppp2r2b,Weak_Target,7.3248,n
Ppp2r5c,Weak_Target,5.467,n
Ppp2r5e,Weak_Target,5.5088,n
Ppp6r3,Weak_Target,6.2505,n
Prex1,Weak_Target,4.6086,n
Prickle2,Weak_Target,2.065,n
Prim2,Weak_Target,6.3043,n
Prkar1b,Weak_Target,4.2904,n
Prkar2b,Weak_Target,6.0709,n
Prkca,Weak_Target,2.3277,n
Prkcb,Weak_Target,3.3346,n
Prkcz,Weak_Target,3.002,n
Ptpn4,Weak_Target,3.663,n
Ptprd,Weak_Target,3.1073,n
Ptprk,Weak_Target,3.777,n
Ptprm,Weak_Target,2.6851,n
Ptpro,Weak_Target,3.566,n
Pum1,Weak_Target,5.8846,n
Qki,Weak_Target,7.0537,n
Rab11fip4,Weak_Target,4.3722,n
Rab31,Weak_Target,5.5792,n
Rab3c,Weak_Target,3.5765,n
Rabgap1l,Weak_Target,3.5446,n
Rai14,Weak_Target,5.1934,n
Ralgps1,Weak_Target,3.5779,n
Ralgps2,Weak_Target,5.2985,n
Rapgef1,Weak_Target,5.2625,n
Rapgef2,Weak_Target,3.0414,n
Rasa3,Weak_Target,4.2903,n
Rasal2,Weak_Target,2.9273,n
Rb1,Weak_Target,5.1177,n
Rbfox2,Weak_Target,5.6283,n
Rbfox3,Weak_Target,3.5008,n
Rbms1,Weak_Target,2.8035,n
Rcan2,Weak_Target,4.0922,n
Reep1,Weak_Target,5.767,n
Retreg1,Weak_Target,2.4078,n
Rfx3,Weak_Target,3.1916,n
Rgs20,Weak_Target,5.0609,n
Rims2,Weak_Target,2.2181,n
Rnf144a,Weak_Target,4.9294,n
Rnf216,Weak_Target,4.8371,n
Rnf217,Weak_Target,2.7471,n
Rnf220,Weak_Target,5.8273,n
Rnf38,Weak_Target,4.5713,n
Rngtt,Weak_Target,4.9572,n
Robo1,Weak_Target,3.8455,n
Robo2,Weak_Target,4.5007,n
Ror2,Weak_Target,3.527,n
Rptor,Weak_Target,4.2558,n
Rsf1,Weak_Target,4.0914,n
Rsrc1,Weak_Target,5.2917,n
Rtn1,Weak_Target,7.777,n
S2bpcox16,Weak_Target,7.0039,n
Samd4,Weak_Target,2.3233,n
Sbf2,Weak_Target,4.6424,n
Scai,Weak_Target,2.3086,n
Schip1,Weak_Target,5.7456,n
Scmh1,Weak_Target,3.6873,n
Scn3a,Weak_Target,2.1368,n
Sema4d,Weak_Target,2.0944,n
Sema5a,Weak_Target,4.1088,n
Sema5b,Weak_Target,4.1618,n
Sema6a,Weak_Target,2.5661,n
Sema6d,Weak_Target,4.5,n
Septin9,Weak_Target,6.3997,n
Sergef,Weak_Target,3.5478,n
Serinc5,Weak_Target,3.8896,n
Sertad2,Weak_Target,3.5958,n
Sestd1,Weak_Target,4.7225,n
Sez6l,Weak_Target,3.6129,n
Sfmbt1,Weak_Target,3.2173,n
Sgip1,Weak_Target,2.233,n
Sgms1,Weak_Target,3.1345,n
Sh3gl2,Weak_Target,4.2225,n
Sh3kbp1,Weak_Target,3.7797,n
Sh3rf1,Weak_Target,4.31,n
Sh3rf3,Weak_Target,2.0821,n
Shb,Weak_Target,4.1926,n
Shroom3,Weak_Target,2.8359,n
Sik3,Weak_Target,3.0545,n
Sil1,Weak_Target,4.6251,n
Sipa1l1,Weak_Target,3.6367,n
Slc1a2,Weak_Target,2.7673,n
Slc22a23,Weak_Target,3.842,n
Slc25a26,Weak_Target,2.5994,n
Slc2a13,Weak_Target,2.0301,n
Slc35f1,Weak_Target,5.7852,n
Slc39a11,Weak_Target,4.1671,n
Slc44a1,Weak_Target,3.8324,n
Slc44a5,Weak_Target,3.2174,n
Slc8a1,Weak_Target,2.0454,n
Slco3a1,Weak_Target,2.006,n
Slco5a1,Weak_Target,3.028,n
Slit1,Weak_Target,3.8447,n
Slit2,Weak_Target,3.8905,n
Smad3,Weak_Target,4.1673,n
Smg1,Weak_Target,2.7489,n
Smg6,Weak_Target,4.1941,n
Smoc1,Weak_Target,2.7173,n
Smurf2,Weak_Target,5.005,n
Snap91,Weak_Target,4.1083,n
Sncaip,Weak_Target,4.9307,n
Snd1,Weak_Target,5.1129,n
Snx24,Weak_Target,3.1896,n
Sobp,Weak_Target,3.4357,n
Sorbs2,Weak_Target,5.3518,n
Sox2ot,Weak_Target,3.1355,n
Sox5,Weak_Target,4.4722,n
Sox6,Weak_Target,4.6766,n
Spats2l,Weak_Target,2.8879,n
Sptbn1,Weak_Target,5.4195,n
Srbd1,Weak_Target,5.0377,n
Srgap1,Weak_Target,2.9265,n
Srgap2,Weak_Target,4.2821,n
Ssbp2,Weak_Target,4.955,n
Ssbp3,Weak_Target,6.4896,n
Ssh2,Weak_Target,3.9766,n
St3gal3,Weak_Target,4.2086,n
St6gal1,Weak_Target,4.4232,n
St6galnac5,Weak_Target,2.0864,n
St8sia1,Weak_Target,3.3037,n
Stag1,Weak_Target,6.288,n
Stag2,Weak_Target,6.6197,n
Stau2,Weak_Target,4.8519,n
Stk3,Weak_Target,4.8672,n
Stk32b,Weak_Target,4.1493,n
Stk39,Weak_Target,5.9143,n
Stox2,Weak_Target,4.9221,n
Strbp,Weak_Target,4.6998,n
Stx8,Weak_Target,4.4888,n
Stxbp6,Weak_Target,3.2899,n
Sulf1,Weak_Target,5.132,n
Susd4,Weak_Target,3.2612,n
Svil,Weak_Target,2.7394,n
Sybu,Weak_Target,3.1503,n
Syn2,Weak_Target,3.0739,n
Syne2,Weak_Target,2.5163,n
Syt1,Weak_Target,4.2856,n
Syt14,Weak_Target,2.3279,n
Syt16,Weak_Target,2.7575,n
Tacc2,Weak_Target,3.6898,n
Taf3,Weak_Target,3.5682,n
Tanc1,Weak_Target,2.9311,n
Tanc2,Weak_Target,2.183,n
Taok3,Weak_Target,3.457,n
Tbc1d22a,Weak_Target,2.7124,n
Tbc1d9,Weak_Target,4.9471,n
Tbcd,Weak_Target,4.7347,n
Tbl1x,Weak_Target,5.8503,n
Tbl1xr1,Weak_Target,3.8174,n
Tcf12,Weak_Target,6.4106,n
Tcf20,Weak_Target,3.5166,n
Tcf7l1,Weak_Target,4.3663,n
Tead1,Weak_Target,3.6367,n
Tenm2,Weak_Target,2.3988,n
Tenm4,Weak_Target,4.3068,n
Tex2,Weak_Target,2.4759,n
Tiam1,Weak_Target,2.7409,n
Tiam2,Weak_Target,4.2483,n
Tle4,Weak_Target,4.9319,n
Tlk1,Weak_Target,5.682,n
Tln2,Weak_Target,2.4289,n
Tmcc1,Weak_Target,3.7732,n
Tmeff2,Weak_Target,2.0522,n
Tmem131l,Weak_Target,5.7583,n
Tmem132b,Weak_Target,2.8496,n
Tmem132c,Weak_Target,4.6026,n
Tmem163,Weak_Target,2.7498,n
Tmem164,Weak_Target,2.5287,n
Tmtc2,Weak_Target,2.6203,n
Tnik,Weak_Target,3.8971,n
Tnrc6b,Weak_Target,2.015,n
Tom1l2,Weak_Target,4.0445,n
Tox,Weak_Target,3.0215,n
Tox2,Weak_Target,2.2165,n
Tox3,Weak_Target,4.6509,n
Traf3,Weak_Target,3.4614,n
Trak1,Weak_Target,5.1152,n
Trerf1,Weak_Target,2.0397,n
Trim44,Weak_Target,6.1793,n
Trps1,Weak_Target,2.561,n
Tspan18,Weak_Target,4.0471,n
Tspan9,Weak_Target,3.6266,n
Ttc28,Weak_Target,3.8841,n
Ttll7,Weak_Target,2.0754,n
Tulp4,Weak_Target,4.2246,n
Tusc3,Weak_Target,5.558,n
Ubac2,Weak_Target,5.3962,n
Ubash3b,Weak_Target,2.32,n
Ube2e2,Weak_Target,4.921,n
Ubr5,Weak_Target,5.9261,n
Ulk4,Weak_Target,2.615,n
Umad1,Weak_Target,3.3169,n
Unc13b,Weak_Target,4.141,n
Usp32,Weak_Target,4.2934,n
Usp6nl,Weak_Target,3.4816,n
Ust,Weak_Target,2.3638,n
Uvrag,Weak_Target,3.6378,n
Vav2,Weak_Target,3.2303,n
Vgll4,Weak_Target,4.7889,n
Vti1a,Weak_Target,4.0839,n
Wdfy2,Weak_Target,3.2471,n
Wdfy3,Weak_Target,2.9953,n
Wdr25,Weak_Target,2.4475,n
Wdr33,Weak_Target,4.8187,n
Wdr70,Weak_Target,5.0473,n
Wnk2,Weak_Target,3.9772,n
Wwc1,Weak_Target,4.8726,n
Wwc2,Weak_Target,3.5854,n
Wwox,Weak_Target,3.5228,n
Xpo7,Weak_Target,3.898,n
Xxylt1,Weak_Target,3.9545,n
Xylt1,Weak_Target,2.3454,n
Zcchc7,Weak_Target,3.7941,n
Zfand3,Weak_Target,6.6005,n
Zfp148,Weak_Target,4.8837,n
Zfp407,Weak_Target,3.0431,n
Zfp423,Weak_Target,2.9867,n
Zfp462,Weak_Target,4.2897,n
Zfp521,Weak_Target,4.628,n
Zfp532,Weak_Target,4.1841,n
Zfp536,Weak_Target,2.2722,n
Zfp608,Weak_Target,3.3329,n
Zfp609,Weak_Target,3.1205,n
Zfp618,Weak_Target,2.4828,n
Zfp704,Weak_Target,3.0535,n
Zfp827,Weak_Target,2.5734,n
Zfpm2,Weak_Target,3.0581,n
Zhx2,Weak_Target,3.8146,n
Zswim5,Weak_Target,4.7128,n
